id;type;content;created_date;hash;user_id
1;CHAPTER;Berkshire;2021-03-29T20:46:16;program;1
2;CHAPTER;Movies methodologies;2021-03-29T19:17:08;Sierra Leone Rubber;1
3;CHAPTER;withdrawal attitude e-markets;2021-03-29T22:24:19;Comoro Franc zero administration;2
4;PARAGRAPH;Licensed Soft Keyboard Savings Account Bermudian Dollar (customarily known as Bermuda Dollar);2021-03-29T22:13:46;Minnesota Bermuda;2
5;CHAPTER;uniform Steel Handmade Wooden Chair;2021-03-30T07:57:27;Fantastic Granite Keyboard SDD;2
6;CHAPTER;parsing;2021-03-29T23:22:11;conglomeration Organized;2
7;PARAGRAPH;Optimized;2021-03-29T23:13:27;Plastic Nakfa;1
8;TITLE;Garden holistic cultivate;2021-03-30T09:02:59;Buckinghamshire Music overriding;1
9;PARAGRAPH;Licensed Plastic Car;2021-03-30T01:23:47;Tasty Rubber Cheese Chair Strategist;2
10;CHAPTER;Generic Rubber Bike Home invoice;2021-03-30T14:38:28;proactive Dynamic Operations;2
